{"accuracy": [0.5898997187614441, 0.8602461218833923, 0.9171633720397949, 0.941973090171814, 0.9564691781997681, 0.965843915939331, 0.9718614220619202, 0.977580189704895, 0.9797993898391724, 0.9826445579528809], "loss": [1.3892643451690674, 0.443782776594162, 0.25792238116264343, 0.17789925634860992, 0.1329120695590973, 0.10346165299415588, 0.0861717239022255, 0.06964544951915741, 0.06266739219427109, 0.054822903126478195], "val_accuracy": [0.8306965827941895, 0.9149783849716187, 0.9327908158302307, 0.9502048492431641, 0.9570339322090149, 0.9411563873291016, 0.9619280695915222, 0.9590826034545898, 0.9688140153884888, 0.9681880474090576], "val_loss": [0.5440495014190674, 0.2597474753856659, 0.2065284550189972, 0.15436136722564697, 0.13591676950454712, 0.19124649465084076, 0.12156906723976135, 0.13739635050296783, 0.09947190433740616, 0.11122692376375198]}